tract,num_alpr_cameras,median_income,state_x,county_x,total_pop,white_pop,black_pop,asian_pop,hispanic_pop,state_y,county_y,white_pct,black_pct,asian_pct,hispanic_pct
000nan,19202,,,,,,,,,,,,,,
500100,5,142158.0,06,085,7077.0,1201.0,470.0,1756.0,3155.0,06,085,0.16970467712307474,0.06641232160519994,0.24812773774198107,0.44581037162639536
500200,3,152118.0,06,085,5863.0,1682.0,368.0,1086.0,2129.0,06,085,0.28688384785945764,0.06276650179089203,0.18522940474159985,0.36312468019785094
500300,5,134448.0,06,085,3943.0,1919.0,112.0,492.0,1198.0,06,085,0.48668526502662945,0.028404767943190464,0.12477808775044383,0.30382957139234085
500500,1,142208.0,06,085,5377.0,3126.0,171.0,846.0,989.0,06,085,0.5813650734610377,0.03180212014134275,0.157336804909801,0.18393156034963734
500600,2,114115.0,06,085,5633.0,2428.0,342.0,845.0,1696.0,06,085,0.43103142197763183,0.06071365169536659,0.15000887626486775,0.30108290431386475
500800,6,131250.0,06,085,4445.0,1766.0,510.0,861.0,1098.0,06,085,0.3973003374578178,0.11473565804274466,0.19370078740157481,0.2470191226096738
500901,2,99091.0,06,085,4083.0,1085.0,250.0,1795.0,822.0,06,085,0.2657359784472202,0.061229488121479304,0.4396277247122214,0.20132255694342396
500902,5,33973.0,06,085,4736.0,961.0,386.0,1414.0,1664.0,06,085,0.20291385135135134,0.08150337837837837,0.2985641891891892,0.35135135135135137
501000,2,43967.0,06,085,4865.0,1077.0,416.0,854.0,2130.0,06,085,0.22137718396711203,0.0855087358684481,0.17553956834532375,0.43782117163412126
501102,1,119541.0,06,085,4245.0,997.0,10.0,304.0,2807.0,06,085,0.2348645465253239,0.002355712603062426,0.07161366313309776,0.661248527679623
501200,6,101094.0,06,085,4249.0,1373.0,80.0,432.0,2241.0,06,085,0.3231348552600612,0.01882795951988703,0.10167098140738998,0.5274182160508355
501300,2,129044.0,06,085,4026.0,1783.0,308.0,816.0,908.0,06,085,0.44287133631395925,0.07650273224043716,0.20268256333830104,0.22553402881271734
501401,3,60648.0,06,085,3029.0,355.0,177.0,431.0,1926.0,06,085,0.11720039617035326,0.058435127104655,0.14229118520964015,0.6358534169692968
501402,2,97854.0,06,085,2929.0,836.0,47.0,140.0,1826.0,06,085,0.28542164561283717,0.01604643222942984,0.047797883236599524,0.6234209627859337
501601,3,103173.0,06,085,4044.0,1006.0,16.0,577.0,2289.0,06,085,0.24876360039564788,0.003956478733926805,0.14268051434223541,0.5660237388724035
501602,1,58750.0,06,085,3648.0,979.0,135.0,461.0,1781.0,06,085,0.26836622807017546,0.03700657894736842,0.12637061403508773,0.4882127192982456
501700,5,85735.0,06,085,4508.0,699.0,26.0,150.0,3236.0,06,085,0.15505767524401065,0.005767524401064774,0.03327417923691216,0.7178349600709849
501800,5,129145.0,06,085,4794.0,1874.0,77.0,311.0,2290.0,06,085,0.3909052982895286,0.01606174384647476,0.06487275761368377,0.47768043387567793
501901,1,117361.0,06,085,2345.0,899.0,142.0,614.0,568.0,06,085,0.38336886993603414,0.06055437100213219,0.26183368869936036,0.24221748400852877
501902,2,150259.0,06,085,3249.0,1111.0,16.0,764.0,1226.0,06,085,0.3419513696522007,0.0049245921822099106,0.23514927670052324,0.3773468759618344
502001,4,101250.0,06,085,4984.0,1768.0,17.0,919.0,1952.0,06,085,0.3547351524879615,0.0034109149277688606,0.1843900481540931,0.391653290529695
502002,1,99857.0,06,085,5801.0,1430.0,140.0,453.0,3613.0,06,085,0.24650922254783658,0.024133770039648336,0.07808998448543354,0.6228236510946389
502101,1,117852.0,06,085,5389.0,2441.0,187.0,1303.0,863.0,06,085,0.45295973278901464,0.03470031545741325,0.2417888290963073,0.16014102802004082
502104,1,103080.0,06,085,2528.0,894.0,32.0,306.0,1123.0,06,085,0.3536392405063291,0.012658227848101266,0.12104430379746836,0.4442246835443038
502203,4,138935.0,06,085,4277.0,1597.0,199.0,1075.0,1141.0,06,085,0.37339256488192657,0.04652794014496142,0.2513444002805705,0.26677577741407527
502204,1,64563.0,06,085,3109.0,947.0,216.0,518.0,1266.0,06,085,0.30459954969443553,0.0694757156642007,0.1666130588613702,0.40720488903184304
502301,1,144924.0,06,085,3393.0,2062.0,25.0,319.0,707.0,06,085,0.6077217801355732,0.0073681108163866785,0.09401709401709402,0.20837017388741527
502302,1,114414.0,06,085,3417.0,1629.0,90.0,316.0,1303.0,06,085,0.47673397717295873,0.02633889376646181,0.09247878255779923,0.3813286508633304
502400,4,156122.0,06,085,6861.0,4475.0,37.0,751.0,1244.0,06,085,0.6522372831948695,0.005392799883398921,0.10945926249817811,0.18131467716076374
502500,3,193542.0,06,085,6692.0,3714.0,213.0,722.0,1667.0,06,085,0.554991034070532,0.03182904961147639,0.10789001793185894,0.24910340705319786
502701,1,122162.0,06,085,5697.0,2282.0,317.0,1234.0,1411.0,06,085,0.4005616991398982,0.05564332104616465,0.2166052308232403,0.24767421449885904
502800,1,181083.0,06,085,4459.0,2074.0,30.0,994.0,1045.0,06,085,0.4651267100246692,0.006727965911639381,0.22291993720565148,0.23435747925543843
502902,4,162826.0,06,085,9412.0,5802.0,52.0,1889.0,1274.0,06,085,0.6164470888227794,0.0055248618784530384,0.20070123246918828,0.13535911602209943
502903,2,168750.0,06,085,5239.0,3105.0,0.0,925.0,830.0,06,085,0.592670356938347,0.0,0.17656041229242223,0.15842718075968695
502906,1,112277.0,06,085,4993.0,2210.0,146.0,1445.0,826.0,06,085,0.44261966753454834,0.029240937312237134,0.2894051672341278,0.16543160424594433
502908,3,119760.0,06,085,6590.0,3294.0,0.0,1120.0,1893.0,06,085,0.4998482549317147,0.0,0.16995447647951442,0.28725341426403644
502909,1,106116.0,06,085,4896.0,1952.0,39.0,975.0,1683.0,06,085,0.39869281045751637,0.007965686274509803,0.19914215686274508,0.34375
503003,1,169375.0,06,085,4915.0,2978.0,25.0,813.0,879.0,06,085,0.6059003051881994,0.00508646998982706,0.165412004069176,0.17884028484231942
503105,1,52734.0,06,085,2248.0,95.0,0.0,1318.0,813.0,06,085,0.04225978647686833,0.0,0.5862989323843416,0.36165480427046265
503110,1,69405.0,06,085,4184.0,127.0,44.0,1145.0,2771.0,06,085,0.03035372848948375,0.010516252390057362,0.2736615678776291,0.6622848948374761
503111,1,110875.0,06,085,5620.0,223.0,152.0,2481.0,2672.0,06,085,0.039679715302491106,0.02704626334519573,0.4414590747330961,0.47544483985765124
503112,4,60565.0,06,085,4077.0,528.0,254.0,727.0,2494.0,06,085,0.12950699043414277,0.06230071130733383,0.17831739023792004,0.6117243070885455
503113,2,86541.0,06,085,4910.0,604.0,68.0,340.0,3862.0,06,085,0.1230142566191446,0.01384928716904277,0.06924643584521385,0.7865580448065174
503116,1,122833.0,06,085,6687.0,1897.0,454.0,2165.0,1954.0,06,085,0.28368476147749366,0.06789292657394945,0.3237625243008823,0.29220876327202033
503117,2,80066.0,06,085,3088.0,51.0,26.0,1299.0,1708.0,06,085,0.016515544041450777,0.008419689119170985,0.420660621761658,0.5531088082901554
503118,3,87750.0,06,085,4727.0,602.0,109.0,1698.0,2105.0,06,085,0.12735350116352867,0.023059022635921304,0.3592130315210493,0.44531415273958114
503121,3,58673.0,06,085,5196.0,484.0,232.0,864.0,3417.0,06,085,0.09314857582755966,0.044649730561970746,0.16628175519630484,0.6576212471131639
503122,6,51081.0,06,085,3547.0,133.0,160.0,1871.0,1252.0,06,085,0.03749647589512264,0.04510854243022272,0.5274880180434169,0.3529743445164928
503123,2,53287.0,06,085,3744.0,906.0,205.0,587.0,1854.0,06,085,0.2419871794871795,0.054754273504273504,0.15678418803418803,0.4951923076923077
503124,2,94016.0,06,085,5884.0,778.0,770.0,2041.0,1927.0,06,085,0.13222297756628143,0.13086335825968728,0.34687287559483343,0.32749830047586675
503126,2,148854.0,06,085,3778.0,722.0,89.0,1741.0,1111.0,06,085,0.1911064055055585,0.023557437797776602,0.46082583377448383,0.2940709370037057
503127,2,155568.0,06,085,4302.0,1285.0,201.0,1837.0,751.0,06,085,0.298698279869828,0.046722454672245464,0.4270106927010693,0.17456996745699674
503207,2,110179.0,06,085,3720.0,253.0,196.0,2711.0,484.0,06,085,0.06801075268817204,0.05268817204301075,0.728763440860215,0.13010752688172042
503210,1,103028.0,06,085,4520.0,215.0,153.0,1806.0,2212.0,06,085,0.04756637168141593,0.033849557522123895,0.3995575221238938,0.4893805309734513
503211,2,114464.0,06,085,4484.0,505.0,122.0,2267.0,1443.0,06,085,0.11262265834076718,0.027207850133809098,0.5055753791257805,0.3218108831400535
503212,1,104500.0,06,085,4440.0,197.0,170.0,2886.0,1060.0,06,085,0.04436936936936937,0.038288288288288286,0.65,0.23873873873873874
503213,2,70833.0,06,085,5197.0,136.0,14.0,3169.0,1819.0,06,085,0.026168943621319992,0.0026938618433711755,0.6097748701173754,0.3500096209351549
503217,2,71450.0,06,085,4377.0,135.0,23.0,932.0,3229.0,06,085,0.030843043180260453,0.0052547406899703,0.21293123143705733,0.737719899474526
503219,1,65143.0,06,085,2871.0,27.0,159.0,898.0,1777.0,06,085,0.009404388714733543,0.055381400208986416,0.31278300243817486,0.6189481017067224
503220,1,74583.0,06,085,4848.0,373.0,75.0,1242.0,2990.0,06,085,0.07693894389438943,0.01547029702970297,0.2561881188118812,0.6167491749174917
503221,1,43704.0,06,085,2395.0,121.0,0.0,1907.0,367.0,06,085,0.050521920668058454,0.0,0.7962421711899791,0.15323590814196242
503304,2,86962.0,06,085,7084.0,541.0,167.0,3500.0,2740.0,06,085,0.07636928289102202,0.0235742518351214,0.49407114624505927,0.3867871259175607
503305,1,82917.0,06,085,5843.0,236.0,75.0,2813.0,2396.0,06,085,0.04039021050830053,0.012835871983570083,0.4814307718637686,0.41006332363511894
503306,1,102344.0,06,085,4120.0,59.0,15.0,2054.0,1916.0,06,085,0.014320388349514563,0.0036407766990291263,0.49854368932038834,0.4650485436893204
503315,1,141875.0,06,085,8857.0,421.0,60.0,4990.0,3276.0,06,085,0.04753302472620526,0.0067743028113356665,0.5633961838094163,0.3698769334989274
503321,4,150658.0,06,085,4387.0,274.0,31.0,3584.0,451.0,06,085,0.06245726008661956,0.007066332345566446,0.8169591976293594,0.102803738317757
503322,2,99821.0,06,085,4752.0,344.0,157.0,2541.0,1684.0,06,085,0.0723905723905724,0.03303872053872054,0.5347222222222222,0.3543771043771044
503323,1,144304.0,06,085,3855.0,475.0,152.0,2070.0,1039.0,06,085,0.12321660181582361,0.03942931258106355,0.5369649805447471,0.2695201037613489
503325,1,150682.0,06,085,4409.0,334.0,179.0,3023.0,801.0,06,085,0.07575413926060331,0.04059877523247902,0.6856430029485144,0.18167384894533908
503327,1,119618.0,06,085,4525.0,431.0,67.0,2599.0,1264.0,06,085,0.09524861878453039,0.014806629834254143,0.5743646408839779,0.27933701657458565
503329,1,226513.0,06,085,3724.0,293.0,32.0,2930.0,360.0,06,085,0.07867883995703545,0.008592910848549946,0.7867883995703545,0.0966702470461869
503330,1,250001.0,06,085,7418.0,553.0,372.0,6086.0,294.0,06,085,0.07454839579401457,0.050148287948234026,0.820436775411162,0.03963332434618495
503331,1,112270.0,06,085,3652.0,1255.0,31.0,1663.0,504.0,06,085,0.3436473165388828,0.008488499452354874,0.4553669222343921,0.1380065717415115
503333,3,175694.0,06,085,4781.0,812.0,306.0,2304.0,1208.0,06,085,0.1698389458272328,0.06400334658021334,0.48190755072160635,0.2526668061075089
503337,3,105417.0,06,085,4231.0,198.0,175.0,2949.0,734.0,06,085,0.04679744741195935,0.04136138028834791,0.6969983455447885,0.17348144646655636
503338,2,250001.0,06,085,4385.0,913.0,0.0,2975.0,211.0,06,085,0.20820980615735463,0.0,0.6784492588369442,0.04811858608893957
503339,2,250001.0,06,085,3880.0,695.0,0.0,2222.0,586.0,06,085,0.1791237113402062,0.0,0.572680412371134,0.15103092783505154
503509,1,141806.0,06,085,4611.0,231.0,89.0,1446.0,2788.0,06,085,0.05009759271307743,0.019301669919757104,0.313597918022121,0.6046410756885708
503511,2,113750.0,06,085,3625.0,202.0,111.0,1737.0,1500.0,06,085,0.055724137931034486,0.030620689655172412,0.47917241379310344,0.41379310344827586
503601,3,94896.0,06,085,3671.0,630.0,78.0,808.0,2085.0,06,085,0.17161536366112776,0.021247616453282485,0.22010351402887496,0.5679651321165895
503602,1,82824.0,06,085,5465.0,227.0,100.0,1507.0,3592.0,06,085,0.04153705397987191,0.018298261665141813,0.2757548032936871,0.6572735590118939
503707,1,97750.0,06,085,5174.0,187.0,226.0,2188.0,2463.0,06,085,0.036142249710088906,0.04367993815229996,0.42288364901430225,0.4760340162350213
503708,2,108636.0,06,085,2800.0,132.0,15.0,2066.0,510.0,06,085,0.047142857142857146,0.005357142857142857,0.7378571428571429,0.18214285714285713
503709,1,46750.0,06,085,6348.0,289.0,244.0,3894.0,1669.0,06,085,0.045526149968494016,0.03843730308758664,0.6134215500945179,0.2629174543163201
503710,3,51859.0,06,085,3457.0,157.0,22.0,934.0,2212.0,06,085,0.04541509979751229,0.006363899334683252,0.2701764535724617,0.6398611512872433
503711,2,86574.0,06,085,5243.0,161.0,189.0,1404.0,3309.0,06,085,0.030707610146862484,0.036048064085447265,0.2677856189204654,0.631127217242037
503712,2,63554.0,06,085,4472.0,375.0,21.0,1901.0,2134.0,06,085,0.0838550983899821,0.004695885509838999,0.42508944543828264,0.47719141323792486
503713,1,58976.0,06,085,3315.0,147.0,90.0,953.0,2042.0,06,085,0.044343891402714934,0.027149321266968326,0.2874811463046757,0.6159879336349925
503802,2,120278.0,06,085,8061.0,792.0,95.0,2777.0,3816.0,06,085,0.09825083736509117,0.011785138320307654,0.34449820121573005,0.47339039821362117
503803,1,129167.0,06,085,5053.0,351.0,110.0,2651.0,1775.0,06,085,0.06946368493963982,0.021769245992479716,0.5246388284187611,0.3512764694241045
503804,1,93703.0,06,085,5421.0,873.0,117.0,2277.0,1935.0,06,085,0.16104039845047038,0.02158273381294964,0.4200332042058661,0.35694521306032095
503902,2,94583.0,06,085,6385.0,539.0,16.0,1467.0,4247.0,06,085,0.08441660140955363,0.0025058731401722788,0.2297572435395458,0.6651527016444793
503903,3,111863.0,06,085,3386.0,466.0,14.0,1497.0,1386.0,06,085,0.13762551683402244,0.004134672179562906,0.4421145894861193,0.40933254577672773
504001,4,73627.0,06,085,5396.0,268.0,28.0,1092.0,3831.0,06,085,0.04966641957005189,0.005189028910303929,0.20237212750185324,0.7099703484062269
504002,2,87785.0,06,085,6609.0,203.0,24.0,2886.0,3395.0,06,085,0.030715690724769255,0.003631411711302769,0.436677258284158,0.5136934483280375
504101,1,119674.0,06,085,4626.0,542.0,19.0,950.0,2957.0,06,085,0.11716385646346736,0.004107220060527454,0.20536100302637267,0.6392131431041936
504307,3,133578.0,06,085,5864.0,569.0,42.0,3855.0,1195.0,06,085,0.09703274215552524,0.007162346521145975,0.6574010914051842,0.20378581173260574
504308,1,153214.0,06,085,4577.0,984.0,57.0,2233.0,896.0,06,085,0.21498798339523706,0.01245357220887044,0.4878741533755735,0.1957614157745248
504311,1,168816.0,06,085,7705.0,798.0,67.0,6209.0,387.0,06,085,0.1035691109669046,0.008695652173913044,0.8058403634003893,0.05022712524334848
504314,2,136321.0,06,085,4767.0,618.0,147.0,3278.0,552.0,06,085,0.12964128382630585,0.030837004405286344,0.6876442206838682,0.1157960981749528
504315,3,150298.0,06,085,6841.0,881.0,69.0,4705.0,1007.0,06,085,0.12878234176290015,0.010086244701067096,0.6877649466452274,0.1472007016518053
504316,2,162074.0,06,085,5387.0,367.0,12.0,3942.0,949.0,06,085,0.06812697234082049,0.0022275849266753297,0.7317616484128457,0.17616484128457396
504317,2,126034.0,06,085,3849.0,362.0,9.0,2782.0,638.0,06,085,0.09405040270200052,0.002338269680436477,0.7227851389971421,0.16575733956871916
504318,8,115109.0,06,085,6782.0,675.0,135.0,3879.0,1858.0,06,085,0.09952816278383958,0.019905632556767916,0.5719551754644647,0.27396048363314657
504319,6,145977.0,06,085,6755.0,491.0,279.0,4587.0,1231.0,06,085,0.07268689859363435,0.041302738712065135,0.6790525536639527,0.18223538119911176
504320,2,168421.0,06,085,3038.0,492.0,27.0,2119.0,266.0,06,085,0.1619486504279131,0.008887425938117182,0.6974983541803819,0.08755760368663594
504321,4,146941.0,06,085,5511.0,544.0,77.0,3559.0,1055.0,06,085,0.09871166757394302,0.013972055888223553,0.6457993104699692,0.19143531119579024
504323,2,130227.0,06,085,6081.0,777.0,45.0,4490.0,530.0,06,085,0.12777503700049334,0.00740009866798224,0.7383654004275613,0.08715671764512416
504410,2,128523.0,06,085,4286.0,556.0,165.0,2476.0,918.0,06,085,0.1297246850209986,0.038497433504433035,0.5776948203453103,0.21418572095193653
504411,1,169828.0,06,085,6006.0,866.0,128.0,4135.0,816.0,06,085,0.1441891441891442,0.021312021312021312,0.6884781884781884,0.13586413586413587
504424,3,147027.0,06,085,5448.0,667.0,88.0,3537.0,753.0,06,085,0.1224302496328928,0.016152716593245228,0.6492290748898678,0.138215859030837
505006,5,186612.0,06,085,12008.0,2216.0,68.0,8883.0,520.0,06,085,0.18454363757495004,0.005662891405729514,0.7397568287808128,0.04330446369087275
505100,3,100682.0,06,085,4272.0,928.0,208.0,1662.0,1392.0,06,085,0.21722846441947566,0.04868913857677903,0.3890449438202247,0.3258426966292135
506202,1,152411.0,06,085,8026.0,2277.0,413.0,4032.0,764.0,06,085,0.28370296536257167,0.051457762272614005,0.5023673062546723,0.09519063045103414
506204,1,172981.0,06,085,5424.0,1168.0,215.0,3649.0,137.0,06,085,0.2153392330383481,0.039638643067846605,0.6727507374631269,0.02525811209439528
506302,4,144972.0,06,085,5503.0,2722.0,341.0,1527.0,651.0,06,085,0.4946392876612757,0.06196620025440669,0.27748500817735783,0.11829910957659459
506304,2,104470.0,06,085,6089.0,1442.0,267.0,2476.0,1637.0,06,085,0.2368204959763508,0.04384956478896371,0.40663491542125146,0.2688454590244704
506305,1,98277.0,06,085,6050.0,1859.0,754.0,1320.0,1824.0,06,085,0.30727272727272725,0.12462809917355372,0.21818181818181817,0.3014876033057851
506401,1,111903.0,06,085,4992.0,1961.0,261.0,1128.0,1325.0,06,085,0.39282852564102566,0.05228365384615385,0.22596153846153846,0.26542467948717946
506402,2,107181.0,06,085,5805.0,2424.0,301.0,808.0,2103.0,06,085,0.41757105943152456,0.05185185185185185,0.1391903531438415,0.36227390180878555
506502,2,119959.0,06,085,4555.0,2432.0,250.0,419.0,1136.0,06,085,0.5339187705817783,0.054884742041712405,0.09198682766190999,0.24939626783754115
506604,3,212143.0,06,085,7498.0,3239.0,1.0,3571.0,401.0,06,085,0.4319818618298213,0.00013336889837289943,0.4762603360896239,0.05348092824753267
506606,2,105878.0,06,085,5157.0,1680.0,68.0,1596.0,1515.0,06,085,0.32577079697498545,0.013185960829939888,0.30948225712623617,0.2937754508435137
506801,1,164195.0,06,085,5977.0,4214.0,43.0,1038.0,561.0,06,085,0.7050359712230215,0.007194244604316547,0.17366571858792035,0.09385979588422286
506803,1,185900.0,06,085,7033.0,3421.0,239.0,2275.0,835.0,06,085,0.4864211574008247,0.03398265320631309,0.3234750462107209,0.118726005971847
506900,1,188585.0,06,085,8013.0,5448.0,109.0,1420.0,592.0,06,085,0.6798951703481843,0.01360289529514539,0.17721203045051792,0.07387994508923
507004,1,168015.0,06,085,3639.0,2836.0,0.0,556.0,101.0,06,085,0.7793349821379499,0.0,0.15278922780983786,0.0277548777136576
507100,1,153125.0,06,085,3347.0,2440.0,0.0,327.0,410.0,06,085,0.729011054675829,0.0,0.09769943232745743,0.12249775918733194
507203,1,179006.0,06,085,3391.0,1758.0,15.0,743.0,718.0,06,085,0.5184311412562665,0.0044234739015039815,0.2191094072544972,0.21173695075199056
507205,1,186250.0,06,085,4797.0,2998.0,24.0,1016.0,439.0,06,085,0.6249739420471128,0.0050031269543464665,0.21179904106733374,0.09151553053992079
507206,2,250001.0,06,085,2628.0,1882.0,25.0,506.0,137.0,06,085,0.7161339421613394,0.009512937595129375,0.19254185692541856,0.05213089802130898
507301,36,226583.0,06,085,6718.0,3031.0,2.0,3209.0,219.0,06,085,0.4511759452217922,0.00029770765108663293,0.4776719261685025,0.0325989877939863
507302,1,234286.0,06,085,2556.0,1426.0,7.0,717.0,47.0,06,085,0.5579029733959311,0.0027386541471048514,0.2805164319248826,0.018388106416275432
507401,10,223125.0,06,085,5886.0,1724.0,3.0,3921.0,88.0,06,085,0.29289840299014613,0.0005096839959225281,0.6661569826707442,0.014950730547060823
507402,7,200500.0,06,085,4150.0,2062.0,0.0,1718.0,160.0,06,085,0.4968674698795181,0.0,0.41397590361445785,0.03855421686746988
507500,17,199917.0,06,085,5979.0,1768.0,16.0,3828.0,176.0,06,085,0.29570162234487374,0.002676032781401572,0.6402408429503261,0.029436360595417294
507600,4,250001.0,06,085,6079.0,2332.0,0.0,3245.0,145.0,06,085,0.38361572627076823,0.0,0.5338049021220596,0.023852607336733014
507805,1,169908.0,06,085,5169.0,1409.0,38.0,3161.0,268.0,06,085,0.2725865738053782,0.007351518668988199,0.6115302766492552,0.0518475527181273
507806,2,178278.0,06,085,6038.0,679.0,0.0,5170.0,70.0,06,085,0.1124544551175886,0.0,0.8562437893342166,0.01159324279562769
507807,4,220625.0,06,085,3462.0,559.0,0.0,2666.0,97.0,06,085,0.1614673599075679,0.0,0.7700751010976314,0.02801848642403235
508203,1,212121.0,06,085,5950.0,2244.0,1.0,3238.0,114.0,06,085,0.37714285714285717,0.0001680672268907563,0.5442016806722689,0.01915966386554622
508301,1,227813.0,06,085,4734.0,2089.0,46.0,2180.0,225.0,06,085,0.4412758766370934,0.009716941275876637,0.4604985213350232,0.04752851711026616
508707,2,175382.0,06,085,3853.0,1000.0,142.0,1882.0,693.0,06,085,0.2595380223202699,0.03685439916947833,0.48845055800674797,0.17985984946794706
509304,1,151389.0,06,085,3101.0,1081.0,12.0,927.0,971.0,06,085,0.3485972267010642,0.003869719445340213,0.2989358271525314,0.3131247984521122
509801,1,163785.0,06,085,5783.0,2712.0,89.0,1534.0,1106.0,06,085,0.46896074701711915,0.01538993601936711,0.26526024554729377,0.1912502161507868
509901,1,250001.0,06,085,2404.0,1644.0,0.0,462.0,133.0,06,085,0.6838602329450915,0.0,0.19217970049916805,0.055324459234608984
510001,3,250001.0,06,085,6263.0,3741.0,35.0,2012.0,220.0,06,085,0.5973175794347757,0.005588376177550695,0.32125179626377137,0.035126935973175795
510002,1,245455.0,06,085,4102.0,1780.0,7.0,1490.0,644.0,06,085,0.43393466601657726,0.0017064846416382253,0.3632374451487079,0.15699658703071673
510200,1,250001.0,06,085,4721.0,3030.0,120.0,1225.0,192.0,06,085,0.6418131751747511,0.02541834357127727,0.25947892395678884,0.04066934971404364
510300,1,208898.0,06,085,4500.0,2496.0,24.0,1457.0,198.0,06,085,0.5546666666666666,0.005333333333333333,0.3237777777777778,0.044
510400,2,250001.0,06,085,3937.0,1951.0,18.0,1582.0,164.0,06,085,0.49555499110998225,0.004572009144018288,0.4018288036576073,0.04165608331216662
510500,1,250001.0,06,085,4452.0,2574.0,5.0,1491.0,206.0,06,085,0.578167115902965,0.0011230907457322552,0.33490566037735847,0.046271338724168914
510600,1,152059.0,06,085,6109.0,2896.0,109.0,2002.0,776.0,06,085,0.47405467343264035,0.017842527418562775,0.32771321001800624,0.12702569978719921
510700,1,205651.0,06,085,5291.0,2089.0,114.0,2760.0,80.0,06,085,0.39482139482139483,0.021546021546021546,0.5216405216405217,0.01512001512001512
510801,1,200469.0,06,085,5802.0,2248.0,217.0,2750.0,134.0,06,085,0.3874526025508445,0.03740089624267494,0.47397449155463633,0.023095484315753187
511501,1,142067.0,06,085,4742.0,2951.0,173.0,1032.0,374.0,06,085,0.622311261071278,0.036482496836777734,0.21762969211303249,0.0788696752425137
511609,16,144292.0,06,085,3380.0,1910.0,40.0,809.0,452.0,06,085,0.5650887573964497,0.011834319526627219,0.23934911242603552,0.13372781065088757
511701,8,212069.0,06,085,4432.0,2525.0,0.0,1158.0,424.0,06,085,0.5697202166064982,0.0,0.2612815884476534,0.09566787003610108
511704,16,250001.0,06,085,4627.0,2329.0,0.0,1970.0,145.0,06,085,0.503349902744759,0.0,0.4257618327209855,0.031337799870326345
511705,3,250001.0,06,085,1723.0,1193.0,64.0,274.0,159.0,06,085,0.6923969820081254,0.0371445153801509,0.15902495647127105,0.0922809053975624
511911,1,159091.0,06,085,4911.0,2913.0,140.0,1169.0,354.0,06,085,0.5931582162492364,0.0285074322948483,0.2380370596619833,0.07208307880268784
511915,3,87188.0,06,085,4049.0,1071.0,74.0,908.0,1950.0,06,085,0.264509755495184,0.018276117559891333,0.22425290195109904,0.4816003951592986
511916,2,166429.0,06,085,4530.0,2043.0,144.0,1428.0,607.0,06,085,0.4509933774834437,0.031788079470198675,0.3152317880794702,0.13399558498896247
512001,7,180650.0,06,085,6515.0,1367.0,141.0,2990.0,1457.0,06,085,0.20982348426707598,0.021642363775901764,0.4589409056024559,0.22363775901765157
512005,2,160909.0,06,085,6880.0,3209.0,48.0,1522.0,1627.0,06,085,0.46642441860465117,0.0069767441860465115,0.22122093023255815,0.2364825581395349
512021,2,135179.0,06,085,6349.0,1794.0,232.0,2156.0,1814.0,06,085,0.2825641833359584,0.03654118758859663,0.3395810363836825,0.2857142857142857
512022,3,83895.0,06,085,6162.0,1124.0,155.0,3014.0,1530.0,06,085,0.18240830899058746,0.02515417072379098,0.48912690684842586,0.24829600778967867
512024,3,126216.0,06,085,5125.0,2215.0,171.0,958.0,1441.0,06,085,0.4321951219512195,0.03336585365853659,0.18692682926829268,0.2811707317073171
512026,1,117639.0,06,085,3734.0,933.0,232.0,1219.0,1103.0,06,085,0.24986609534011783,0.06213176218532405,0.3264595607927156,0.29539367970005354
512027,2,92295.0,06,085,4354.0,1545.0,103.0,1471.0,995.0,06,085,0.3548461185117134,0.02365640790078089,0.3378502526412494,0.22852549379880568
512029,2,139750.0,06,085,8002.0,3841.0,138.0,1077.0,2675.0,06,085,0.48000499875031244,0.017245688577855536,0.1345913521619595,0.3342914271432142
512030,1,167569.0,06,085,3219.0,1414.0,79.0,720.0,816.0,06,085,0.4392668530599565,0.024541783162472817,0.22367194780987884,0.2534948741845294
512031,1,168910.0,06,085,4436.0,1938.0,38.0,1125.0,1040.0,06,085,0.4368800721370604,0.008566275924256087,0.25360685302073943,0.2344454463480613
512032,4,141184.0,06,085,3245.0,1114.0,45.0,862.0,1080.0,06,085,0.3432973805855162,0.01386748844375963,0.26563944530046224,0.33281972265023113
512034,3,133125.0,06,085,2832.0,1205.0,0.0,763.0,736.0,06,085,0.4254943502824859,0.0,0.2694209039548023,0.2598870056497175
512036,1,134621.0,06,085,4902.0,1634.0,159.0,1487.0,1363.0,06,085,0.3333333333333333,0.03243574051407589,0.3033455732354141,0.27804977560179517
512037,1,155341.0,06,085,3145.0,1209.0,65.0,900.0,830.0,06,085,0.38441971383147855,0.02066772655007949,0.2861685214626391,0.26391096979332274
512038,2,107375.0,06,085,3199.0,958.0,420.0,1141.0,627.0,06,085,0.2994685839324789,0.13129102844638948,0.35667396061269147,0.1959987496092529
512042,1,81875.0,06,085,3100.0,209.0,166.0,1193.0,1292.0,06,085,0.06741935483870967,0.053548387096774196,0.38483870967741934,0.4167741935483871
512045,2,165240.0,06,085,5291.0,2392.0,13.0,1366.0,1151.0,06,085,0.4520884520884521,0.002457002457002457,0.25817425817425815,0.21753921753921754
512052,1,109208.0,06,085,4060.0,1689.0,97.0,850.0,1117.0,06,085,0.41600985221674874,0.023891625615763547,0.20935960591133004,0.2751231527093596
512053,1,103654.0,06,085,5166.0,1695.0,354.0,645.0,2186.0,06,085,0.3281068524970964,0.06852497096399536,0.1248548199767712,0.42315137437088657
512054,1,105650.0,06,085,4228.0,673.0,99.0,1301.0,1671.0,06,085,0.15917691579943236,0.023415326395458846,0.3077105014191107,0.3952223273415326
512055,1,129643.0,06,085,3727.0,877.0,199.0,1925.0,644.0,06,085,0.23530990072444324,0.05339415079152133,0.5165012074054199,0.17279313120472228
512058,3,113254.0,06,085,5008.0,1042.0,197.0,2046.0,1433.0,06,085,0.20806709265175719,0.0393370607028754,0.40854632587859424,0.2861421725239617
512059,2,124684.0,06,085,6788.0,2625.0,95.0,1858.0,1633.0,06,085,0.3867118444313494,0.013995285798467885,0.2737183264584561,0.24057159693576902
512100,4,91103.0,06,085,1660.0,479.0,0.0,247.0,910.0,06,085,0.2885542168674699,0.0,0.14879518072289158,0.5481927710843374
512305,1,184800.0,06,085,4646.0,2103.0,19.0,958.0,1234.0,06,085,0.45264743865690915,0.004089539388721481,0.20619888075764098,0.2656048213517004
512602,1,111585.0,06,085,2748.0,1201.0,4.0,180.0,1260.0,06,085,0.4370451237263464,0.001455604075691412,0.06550218340611354,0.4585152838427948
